Customer ID,Customer First Name,Customer Last Name,Segment,City,State,Country,Region,Age,,,,,,,,,
AB-00014,Aaron,Bergman,Corporate,Halle,SaxonyAnhalt,Germany,Central,57,,,,,,,,,
AS-00460,Aaron,Smayling,Corporate,Dresden,Saxony,Germany,Central,61,,,,,,,,Enter First Name,Aaron
AS-00312,Aaron,Smayling,Home Office,Port Macquarie,New South Wales,Australia,Oceania,72,,,,,,,,Enter Last Name,Hawkins
AH-00052,Aaron,Hawkins,Consumer,Minden,North RhineWestphalia,Germany,Central,72,,,,,,,,City,Minden
AB-01482,Adam,Bellavance,Corporate,Kwinana,Western Australia,Australia,Oceania,57,,,,,,,,,
AB-01343,Adam,Bellavance,Corporate,Kaiyuan,Liaoning,China,North Asia,79,,,,,,,,,
AB-01473,Adam,Bellavance,Consumer,Medan,Sumatera Utara,Indonesia,Southeast Asia,64,,,,,,,,,
AB-01525,Adrian,Barton,Corporate,Wetzlar,Hesse,Germany,Central,78,,,,,,,,,
AB-01494,Adrian,Barton,Consumer,Zigong,Sichuan,,North Asia,30,,,,,,,,,
AS-01405,Alan,Shonely,Corporate,Canberra,Australian Capital Territory,Australia,Oceania,57,,,,,,,,,
AS-01458,Alan,Schoenberger,Home Office,Anshan,Liaoning,China,North Asia,40,,,,,,,,,
AB-02405,Alejandro,Ballentine,Consumer,Mannheim,BadenWŸrttemberg,Germany,Central,39,,,,,,,,,
AG-02487,Alejandro,Grove,Consumer,Whyalla,South Australia,Australia,Oceania,37,,,,,,,,,
AG-00272,Alex,Grayson,Consumer,Anyang,Henan,China,North Asia,60,,,,,,,,,
AA-02503,Alex,Avila,Consumer,Agra,Uttar Pradesh,India,Central Asia,67,,,,,,,,,
AA-02455,Alex,Avila,Consumer,Berlin,Berlin,Germany,Central,42,,,,,,,,,
AA-02321,Alex,Avila,Corporate,Newcastle,New South Wales,Australia,Oceania,66,,,,,,,,,
AM-00201,Alice,McCarthy,Consumer,Berlin,Berlin,Germany,Central,30,,,,,,,,,
AR-00275,Allen,Rosenblatt,Consumer,Chaozhou,Guangdong,China,North Asia,74,,,,,,,,,
AA-02045,Allen,Armold,Consumer,Wuchuan,Guangdong,China,North Asia,43,,,,,,,,,
AT-02059,Alyssa,Tate,Home Office,Wafangdian,Liaoning,China,North Asia,61,,,,,,,,,
AG-00731,Andrew,Gjertsen,Consumer,Hamburg,Hamburg,Germany,Central,56,,,,,,,,,
AY-01084,Andy,Yotov,Home Office,Samarinda,Kalimantan Timur,Indonesia,Southeast Asia,32,,,,,,,,,
AR-01036,Anemone,Ratner,Consumer,Pune,Maharashtra,India,Central Asia,41,,,,,,,,,
AR-02049,Anemone,Ratner,Consumer,Berlin,Berlin,Germany,Central,29,,,,,,,,,
AC-01475,Ann,Chong,Corporate,Sydney,New South Wales,Australia,Oceania,62,,,,,,,,,
AG-00132,Anna,Gayman,Consumer,Surat,Gujarat,India,Central Asia,26,,,,,,,,,
AG-00107,Anna,Gayman,Consumer,Jakarta,Jakarta,Indonesia,Southeast Asia,65,,,,,,,,,
AT-01841,Annie,Thurman,Consumer,Sydney,New South Wales,Australia,Oceania,51,,,,,,,,,
AZ-01971,Annie,Zypern,Consumer,Brisbane,Queensland,Australia,Oceania,26,,,,,,,,,
AR-01727,Anthony,Rawles,Corporate,Samarinda,Kalimantan Timur,Indonesia,Southeast Asia,58,,,,,,,,,
AO-01810,Anthony,O'Donnell,Corporate,Berlin,Berlin,Germany,Central,33,,,,,,,,,
AG-02636,Anthony,Garverick,Corporate,Delhi,Delhi,India,Central Asia,44,,,,,,,,,
AO-01811,Anthony,O'Donnell,Consumer,Perth,Western Australia,Australia,Oceania,73,,,,,,,,,
AF-01644,Art,Foster,Consumer,Devonport,Tasmania,Australia,Oceania,73,,,,,,,,,
AP-00833,Arthur,Prichep,Consumer,Minden,North RhineWestphalia,Germany,Central,58,,,,,,,,,
BB-01780,Barry,Blumstein,Consumer,Toowoomba,Queensland,Australia,Oceania,42,,,,,,,,,
BF-03559,Barry,Franzšsisch,Corporate,Bendigo,Victoria,Australia,Oceania,64,,,,,,,,,
BF-02883,Barry,Franzšsisch,Consumer,Canberra,Australian Capital Territory,Australia,Oceania,74,,,,,,,,,
BB-01661,Barry,Blumstein,Consumer,Gold Coast,Queensland,Australia,Oceania,68,,,,,,,,,
BF-04513,Bart,Folk,Consumer,Melbourne,Victoria,Australia,Oceania,42,,,,,,,,,
BC-04366,Becky,Castell,Corporate,Berlin,Berlin,Germany,Central,42,,,,,,,,,
BP-02948,Becky,Pak,Corporate,Mandurah,Western Australia,Australia,Oceania,46,,,,,,,,,
BP-02924,Becky,Pak,Consumer,Geelong,Victoria,Australia,Oceania,68,,,,,,,,,
BP-04400,Ben,Peterman,Consumer,Bielefeld,North RhineWestphalia,Germany,Central,48,,,,,,,,,
BW-04476,Ben,Wallace,Home Office,Shanghai,Shanghai,China,North Asia,55,,,,,,,,,
BP-05211,Benjamin,Patterson,Corporate,Wollongong,New South Wales,Australia,Oceania,75,,,,,,,,,
BP-05220,Benjamin,Patterson,Home Office,Tamworth,New South Wales,Australia,Oceania,45,,,,,,,,,
BT-03583,Beth,Thompson,Corporate,Lohne,Lower Saxony,Germany,Central,31,,,,,,,,,
BS-04835,Bill,Stewart,Consumer,Wenling,Zhejiang,China,North Asia,58,,,,,,,,,
BE-03161,Bill,Eplett,Corporate,Newcastle,New South Wales,Australia,Oceania,71,,,,,,,,,
BS-03416,Bill,Shonely,Home Office,Jinjiang,Fujian,China,North Asia,59,,,,,,,,,
BD-04524,Bill,Donatelli,Corporate,Kamarhati,West Bengal,India,Central Asia,39,,,,,,,,,
BO-04939,Bobby,Odegard,Corporate,Adelaide,South Australia,Australia,Oceania,26,,,,,,,,,
BT-03392,Brad,Thomas,Consumer,Udaipur,Tripura,India,Central Asia,30,,,,,,,,,
BE-04222,Brad,Eason,Consumer,Oberhausen,North RhineWestphalia,Germany,Central,78,,,,,,,,,
BT-03364,Brad,Thomas,Home Office,Bochum,North RhineWestphalia,Germany,Central,37,,,,,,,,,
BE-04202,Brad,Eason,Corporate,Bogor,Jawa Barat,Indonesia,Southeast Asia,32,,,,,,,,,
BD-04172,Bradley,Drucker,Corporate,Sydney,New South Wales,Australia,Oceania,80,,,,,,,,,
BN-04936,Bradley,Nguyen,Corporate,Shenzhen,Guangdong,China,North Asia,36,,,,,,,,,
BB-04156,Brenda,Bowman,Consumer,Perth,Western Australia,Australia,Oceania,78,,,,,,,,,
BM-02856,Brendan,Murry,Home Office,Schwerin,MecklenburgVorpommern,Germany,Central,65,,,,,,,,,
BD-04947,Brendan,Dodson,Corporate,Adelaide,South Australia,Australia,Oceania,35,,,,,,,,,
BM-02896,Brendan,Murry,Home Office,Brahmapur,Odisha,India,Central Asia,34,,,,,,,,,
BS-04113,Brian,Stugart,Corporate,Jakarta,Jakarta,Indonesia,Southeast Asia,68,,,,,,,,,
BS-03084,Brian,Stugart,Corporate,Jakarta,Jakarta,Indonesia,Southeast Asia,29,,,,,,,,,
BD-04062,Brian,Dahlen,Consumer,Shantou,Guangdong,China,North Asia,43,,,,,,,,,
BD-04813,Brian,DeCherney,Home Office,Kendari,Sulawesi Tenggara,Indonesia,Southeast Asia,45,,,,,,,,,
BG-04722,Brooke,Gillingham,Corporate,Mysore,Karnataka,India,Central Asia,48,,,,,,,,,
BG-04655,Brooke,Gillingham,Home Office,Sunbury,Victoria,Australia,Oceania,52,,,,,,,,,
BG-04774,Brooke,Gillingham,Consumer,Geraldton,Western Australia,Australia,Oceania,61,,,,,,,,,
BG-04709,Brooke,Gillingham,Consumer,Weimar,Thuringia,Germany,Central,31,,,,,,,,,
BG-03815,Bruce,Geld,Corporate,Wollongong,New South Wales,Australia,Oceania,29,,,,,,,,,
BS-03099,Bryan,Spruell,Consumer,Bekasi,Jawa Barat,Indonesia,Southeast Asia,64,,,,,,,,,
BD-03866,Bryan,Davis,Corporate,Delhi,Delhi,India,Central Asia,25,,,,,,,,,
CM-04031,Candace,McMahon,Consumer,Canberra,Australian Capital Territory,Australia,Oceania,47,,,,,,,,,
CM-04676,Cari,MacIntyre,Corporate,Suzhou,Anhui,China,North Asia,64,,,,,,,,,
CS-04692,Cari,Sayre,Corporate,Recklinghausen,North RhineWestphalia,Germany,Central,47,,,,,,,,,
CS-07236,Cari,Schnelling,Home Office,Agra,Uttar Pradesh,India,Central Asia,42,,,,,,,,,
CM-04016,Cari,MacIntyre,Consumer,Freiburg,BadenWŸrttemberg,Germany,Central,54,,,,,,,,,
CW-06480,Carl,Weiss,Consumer,Tianjin,Tianjin,China,North Asia,63,,,,,,,,,
CW-07883,Carl,Weiss,Corporate,Delhi,Delhi,India,Central Asia,65,,,,,,,,,
CS-07232,Carlos,Soltero,Home Office,Wodonga,Victoria,Australia,Oceania,60,,,,,,,,,
CT-05517,Carol,Triggs,Home Office,Durgapur,West Bengal,India,Central Asia,30,,,,,,,,,
CA-08013,Carol,Adams,Consumer,Cairns,Queensland,Australia,Oceania,59,,,,,,,,,
CJ-05337,Caroline,Jumper,Consumer,Xuzhou,Jiangsu,China,North Asia,61,,,,,,,,,
CB-08034,Cassandra,Brandow,Home Office,Hamburg,Hamburg,Germany,Central,38,,,,,,,,,
CG-06441,Catherine,Glotzbach,Consumer,Bochum,North RhineWestphalia,Germany,Central,74,,,,,,,,,
CH-06353,Cathy,Hwang,Corporate,Trier,RhinelandPalatinate,Germany,Central,56,,,,,,,,,
CH-05384,Cathy,Hwang,Consumer,Ballarat,Victoria,Australia,Oceania,38,,,,,,,,,
CS-05770,Charles,Sheldon,Consumer,Jakarta,Jakarta,Indonesia,Southeast Asia,42,,,,,,,,,
CS-05980,Charles,Sheldon,Consumer,Brisbane,Queensland,Australia,Oceania,59,,,,,,,,,
CM-05951,Charlotte,Melton,Consumer,Canberra,Australian Capital Territory,Australia,Oceania,38,,,,,,,,,
CV-05397,Christina,VanderZanden,Corporate,Gold Coast,Queensland,Australia,Oceania,28,,,,,,,,,
CA-06233,Christine,Abelman,Corporate,Nasik,Maharashtra,India,Central Asia,72,,,,,,,,,
CM-07653,Christopher,Martinez,Corporate,Qingdao,Shandong,China,North Asia,78,,,,,,,,,
CB-06944,Christy,Brittain,Consumer,Depok,Jawa Barat,Indonesia,Southeast Asia,70,,,,,,,,,
CB-07054,Christy,Brittain,Home Office,Ajmer,Rajasthan,India,Central Asia,56,,,,,,,,,
CS-08000,Cindy,Schnelling,Corporate,Balikpapan,Kalimantan Timur,Indonesia,Southeast Asia,43,,,,,,,,,
CG-07772,Claire,Gute,Consumer,Shenzhen,Guangdong,China,North Asia,57,,,,,,,,,
CG-07695,Claire,Gute,Home Office,Worms,RhinelandPalatinate,Germany,Central,69,,,,,,,,,
CB-07633,Claudia,Bergmann,Home Office,Aschaffenburg,Bavaria,Germany,Central,54,,,,,,,,,
CC-06345,Clay,Cheatham,Home Office,Freiburg,BadenWŸrttemberg,Germany,Central,59,,,,,,,,,
CL-06572,Corey,Lock,Corporate,Geelong,Victoria,Australia,Oceania,60,,,,,,,,,
CM-06731,Corinna,Mitchell,Consumer,Augsburg,Bavaria,Germany,Central,76,,,,,,,,,
CL-05936,Craig,Leslie,Consumer,Wetzlar,Hesse,Germany,Central,42,,,,,,,,,
CC-06917,Craig,Carroll,Consumer,Suzhou,Gansu,China,North Asia,44,,,,,,,,,
CY-06866,Craig,Yedwab,Consumer,Aligarh,Uttar Pradesh,India,Central Asia,29,,,,,,,,,
CC-07430,Craig,Carroll,Consumer,Augsburg,Bavaria,Germany,Central,36,,,,,,,,,
CC-07364,Craig,Carreira,Consumer,Worms,RhinelandPalatinate,Germany,Central,74,,,,,,,,,
CD-05379,Cynthia,Delaney,Home Office,Wodonga,Victoria,Australia,Oceania,65,,,,,,,,,
CD-05428,Cynthia,Delaney,Consumer,Gold Coast,Queensland,Australia,Oceania,37,,,,,,,,,
CR-06173,Cyra,Reiten,Consumer,Samarinda,Kalimantan Timur,Indonesia,Southeast Asia,71,,,,,,,,,
CR-06245,Cyra,Reiten,Corporate,Srinagar,Jammu and Kashmir,India,Central Asia,28,,,,,,,,,
DK-08114,Damala,Kotsonis,Corporate,Berlin,Berlin,Germany,Central,57,,,,,,,,,
DC-07415,Dan,Campbell,Corporate,Perth,Western Australia,Australia,Oceania,70,,,,,,,,,
DK-09645,Dana,Kaydos,Home Office,Nagercoil,Tamil Nadu,India,Central Asia,55,,,,,,,,,
DR-08504,Daniel,Raglin,Home Office,Gold Coast,Queensland,Australia,Oceania,69,,,,,,,,,
DK-09934,Darren,Koutras,Home Office,Pune,Maharashtra,India,Central Asia,47,,,,,,,,,
DB-10380,Darren,Budd,Consumer,Jakarta,Jakarta,Indonesia,Southeast Asia,73,,,,,,,,,
DB-10390,Darren,Budd,Corporate,Regensburg,Bavaria,Germany,Central,33,,,,,,,,,
DP-08517,Darren,Powers,Corporate,Depok,Jawa Barat,Indonesia,Southeast Asia,67,,,,,,,,,
DB-10400,Darren,Budd,Corporate,Perth,Western Australia,Australia,Oceania,53,,,,,,,,,
DS-10318,Darrin,Sayre,Consumer,Duisburg,North RhineWestphalia,Germany,Central,42,,,,,,,,,
DM-09397,Darrin,Martin,Corporate,Berlin,Berlin,Germany,Central,50,,,,,,,,,
DH-08505,Dave,Hallsten,Corporate,Melbourne,Victoria,Australia,Oceania,40,,,,,,,,,
DP-09063,Dave,Poirier,Corporate,Suizhou,Hubei,China,North Asia,77,,,,,,,,,
DP-09101,Dave,Poirier,Consumer,Changchun,Jilin,China,North Asia,62,,,,,,,,,
DH-10549,Dave,Hallsten,Consumer,Coimbatore,Tamil Nadu,India,Central Asia,68,,,,,,,,,
DS-09325,David,Smith,Consumer,Surat,Gujarat,India,Central Asia,61,,,,,,,,,
DK-08333,David,Kendrick,Consumer,Kunming,Yunnan,China,North Asia,75,,,,,,,,,
DP-08955,David,Philippe,Consumer,Hamburg,Hamburg,Germany,Central,38,,,,,,,,,
DK-08425,Dean,Katz,Consumer,Changzhou,Jiangsu,China,North Asia,48,,,,,,,,,
DE-09464,Deanra,Eno,Corporate,Langen,Lower Saxony,Germany,Central,31,,,,,,,,,
DC-08897,Debra,Catini,Home Office,Zhengzhou,Henan,China,North Asia,54,,,,,,,,,
DC-10155,Debra,Catini,Home Office,Brisbane,Queensland,Australia,Oceania,49,,,,,,,,,
DG-08346,Deirdre,Greer,Corporate,Perth,Western Australia,Australia,Oceania,28,,,,,,,,,
DG-08293,Deirdre,Greer,Corporate,Bandung,Jawa Barat,Indonesia,Southeast Asia,53,,,,,,,,,
DL-08776,Delfina,Latchford,Home Office,Yogyakarta,Yogyakarta,Indonesia,Southeast Asia,25,,,,,,,,,
DL-08994,Denise,Leinenbach,Consumer,Bhiwandi,Maharashtra,India,Central Asia,57,,,,,,,,,
DP-08734,Dennis,Pardue,Corporate,Wollongong,New South Wales,Australia,Oceania,53,,,,,,,,,
DP-08348,Dennis,Pardue,Consumer,Townsville,Queensland,Australia,Oceania,68,,,,,,,,,
DP-09312,Dennis,Pardue,Home Office,Pekalongan,Jawa Tengah,Indonesia,Southeast Asia,77,,,,,,,,,
DO-08398,Denny,Ordway,Consumer,Berlin,Berlin,Germany,Central,59,,,,,,,,,
DW-08232,Dianna,Wilson,Consumer,Gold Coast,Queensland,Australia,Oceania,51,,,,,,,,,
DV-10040,Dianna,Vittorini,Corporate,Gold Coast,Queensland,Australia,Oceania,38,,,,,,,,,
DW-08246,Dianna,Wilson,Corporate,Pematangsiantar,Sumatera Utara,Indonesia,Southeast Asia,60,,,,,,,,,
DV-10089,Dianna,Vittorini,Corporate,Cottbus,Brandenburg,Germany,Central,33,,,,,,,,,
DL-10545,Dionis,Lloyd,Consumer,Kamarhati,West Bengal,India,Central Asia,62,,,,,,,,,
DW-09126,Don,Weiss,Home Office,Sydney,New South Wales,Australia,Oceania,31,,,,,,,,,
DW-08338,Dorothy,Wardle,Corporate,Sydney,New South Wales,Australia,Oceania,52,,,,,,,,,
DB-09952,Dorothy,Badders,Corporate,Nanning,Guangxi,China,North Asia,55,,,,,,,,,
DB-09222,Duane,Benoit,Consumer,Tamworth,New South Wales,Australia,Oceania,60,,,,,,,,,
DH-10042,Duane,Huffman,Consumer,Jakarta,Jakarta,Indonesia,Southeast Asia,69,,,,,,,,,
DH-08488,Duane,Huffman,Consumer,Perth,Western Australia,Australia,Oceania,68,,,,,,,,,
DN-08568,Duane,Noonan,Home Office,Durg,Chhattisgarh,India,Central Asia,35,,,,,,,,,
EB-09044,Ed,Braxton,Consumer,Bhatpara,West Bengal,India,Central Asia,70,,,,,,,,,
EK-11326,Eileen,Kiefer,Consumer,Hamm,North RhineWestphalia,Germany,Central,71,,,,,,,,,
EK-11541,Eileen,Kiefer,Consumer,Cologne,North RhineWestphalia,Germany,Central,43,,,,,,,,,
ER-11950,Elpida,Rittenbach,Corporate,Melbourne,Victoria,Australia,Oceania,76,,,,,,,,,
EB-10909,Emily,Burns,Corporate,Adelaide,South Australia,Australia,Oceania,52,,,,,,,,,
ED-12105,Emily,Ducich,Consumer,Lohne,Lower Saxony,Germany,Central,33,,,,,,,,,
EG-10872,Emily,Grady,Home Office,Pimpri,Maharashtra,India,Central Asia,33,,,,,,,,,
EB-12116,Emily,Burns,Consumer,Nasik,Maharashtra,India,Central Asia,39,,,,,,,,,
EB-11131,Emily,Burns,Consumer,Chennai,Tamil Nadu,India,Central Asia,60,,,,,,,,,
EB-11249,Eric,Barreto,Consumer,Liaoyang,Liaoning,China,North Asia,67,,,,,,,,,
ES-10835,Erica,Smith,Corporate,Halle,SaxonyAnhalt,Germany,Central,54,,,,,,,,,
EH-11722,Erica,Hackney,Consumer,Adelaide,South Australia,Australia,Oceania,29,,,,,,,,,
EH-11093,Erica,Hernandez,Consumer,Gold Coast,Queensland,Australia,Oceania,56,,,,,,,,,
EH-11736,Erica,Hackney,Consumer,Perth,Western Australia,Australia,Oceania,40,,,,,,,,,
ES-11183,Erin,Smith,Home Office,Yuci,Shanxi,China,North Asia,37,,,,,,,,,
ES-10759,Erin,Smith,Corporate,Bremen,Bremen,Germany,Central,27,,,,,,,,,
EM-10919,Eugene,Moren,Consumer,Patiala,Punjab,India,Central Asia,69,,,,,,,,,
EH-11852,Eugene,Hildebrand,Home Office,Liaocheng,Shandong,China,North Asia,47,,,,,,,,,
EH-10856,Eugene,Hildebrand,Consumer,Coffs Harbour,New South Wales,Australia,Oceania,42,,,,,,,,,
EB-11942,Eugene,Barchas,Consumer,Aksu,Xinjiang Uygur,China,North Asia,44,,,,,,,,,
EH-11738,Eugene,Hildebrand,Corporate,Sindelfingen,BadenWŸrttemberg,Germany,Central,46,,,,,,,,,
EB-11968,Evan,Bailliet,Consumer,Brisbane,Queensland,Australia,Oceania,52,,,,,,,,,
EB-11975,Evan,Bailliet,Corporate,Sydney,New South Wales,Australia,Oceania,69,,,,,,,,,
EH-11632,Evan,Henry,Home Office,Zhoukou,Henan,China,North Asia,66,,,,,,,,,
FM-11500,Filia,McAdams,Consumer,Lucknow,Uttar Pradesh,India,Central Asia,70,,,,,,,,,
FH-12285,Frank,Hawley,Corporate,Gold Coast,Queensland,Australia,Oceania,70,,,,,,,,,
FH-12299,Fred,Hopkins,Corporate,Sydney,New South Wales,Australia,Oceania,32,,,,,,,,,
FW-12497,Fred,Wasserman,Consumer,Willich,North RhineWestphalia,Germany,Central,39,,,,,,,,,
GH-12762,Gary,Hansen,Consumer,Dewas,Madhya Pradesh,India,Central Asia,53,,,,,,,,,
GZ-13435,Gary,Zandusky,Consumer,Aligarh,Uttar Pradesh,India,Central Asia,69,,,,,,,,,
GZ-13318,Gary,Zandusky,Consumer,Gold Coast,Queensland,Australia,Oceania,54,,,,,,,,,
GM-13125,Gary,Mitchum,Consumer,Mildura,Victoria,Australia,Oceania,30,,,,,,,,,
GA-13118,George,Ashbrook,Consumer,Jakarta,Jakarta,Indonesia,Southeast Asia,39,,,,,,,,,
GR-12955,Georgia,Rosenberg,Consumer,Srinagar,Jammu and Kashmir,India,Central Asia,53,,,,,,,,,
GW-12996,Giulietta,Weimer,Consumer,Suihua,Heilongjiang,China,North Asia,72,,,,,,,,,
GT-13440,Greg,Tran,Corporate,Recklinghausen,North RhineWestphalia,Germany,Central,52,,,,,,,,,
GH-13638,Greg,Hansen,Consumer,Canberra,Australian Capital Territory,Australia,Oceania,57,,,,,,,,,
GP-13684,Guy,Phonely,Home Office,Jodhpur,Rajasthan,India,Central Asia,43,,,,,,,,,
HR-13490,Hallie,Redmond,Home Office,Caloundra,Queensland,Australia,Oceania,35,,,,,,,,,
HP-13973,Harold,Pawlan,Consumer,Banda Aceh,Aceh,Indonesia,Southeast Asia,34,,,,,,,,,
HD-13590,Harold,Dahlen,Consumer,Melbourne,Victoria,Australia,Oceania,55,,,,,,,,,
HE-13958,Harold,Engle,Home Office,Chennai,Tamil Nadu,India,Central Asia,70,,,,,,,,,
HD-14575,Harold,Dahlen,Corporate,Jakarta,Jakarta,Indonesia,Southeast Asia,74,,,,,,,,,
HM-14576,Harry,Marie,Corporate,Dortmund,North RhineWestphalia,Germany,Central,54,,,,,,,,,
HM-14624,Harry,Marie,Consumer,Mataram,Nusa Tenggara Barat,Indonesia,Southeast Asia,75,,,,,,,,,
HK-14403,Heather,Kirkland,Consumer,Townsville,Queensland,Australia,Oceania,77,,,,,,,,,
HK-14435,Heather,Kirkland,Consumer,Luoyang,Guangdong,China,North Asia,45,,,,,,,,,
HA-14274,Helen,Abelman,Corporate,Berlin,Berlin,Germany,Central,79,,,,,,,,,
HA-14255,Helen,Abelman,Consumer,Munich,Bavaria,Germany,Central,49,,,,,,,,,
HA-14282,Helen,Abelman,Home Office,Mangalore,Karnataka,India,Central Asia,44,,,,,,,,,
HH-14026,Hilary,Holden,Corporate,Mysore,Karnataka,India,Central Asia,79,,,,,,,,,
HG-14062,Hunter,Glantz,Home Office,Panihati,West Bengal,India,Central Asia,38,,,,,,,,,
HL-14164,Hunter,Lopez,Corporate,Wollongong,New South Wales,Australia,Oceania,36,,,,,,,,,
HL-14173,Hunter,Lopez,Consumer,Cuttack,Odisha,India,Central Asia,49,,,,,,,,,
HL-14230,Hunter,Lopez,Corporate,Pekanbaru,Riau,Indonesia,Southeast Asia,74,,,,,,,,,
IM-14181,Ionia,McGrath,Home Office,Dormagen,North RhineWestphalia,Germany,Central,42,,,,,,,,,
IM-14851,Irene,Maddox,Consumer,Bhavnagar,Gujarat,India,Central Asia,28,,,,,,,,,
IG-14875,Ivan,Gibson,Corporate,Shanghai,Shanghai,China,North Asia,71,,,,,,,,,
IG-14857,Ivan,Gibson,Consumer,Perth,Western Australia,Australia,Oceania,80,,,,,,,,,
JG-14745,Jack,Garza,Home Office,Taiyuan,Shanxi,China,North Asia,52,,,,,,,,,
JL-14787,Jack,Lebron,Corporate,Erftstadt,North RhineWestphalia,Germany,Central,52,,,,,,,,,
JL-16135,Jack,Lebron,Consumer,Bremen,Bremen,Germany,Central,37,,,,,,,,,
JG-14751,Jack,Garza,Corporate,Oldenburg,Lower Saxony,Germany,Central,28,,,,,,,,,
JO-16019,Jack,O'Briant,Corporate,Jammu,Jammu and Kashmir,India,Central Asia,75,,,,,,,,,
JL-17398,James,Lanier,Corporate,Dortmund,North RhineWestphalia,Germany,Central,51,,,,,,,,,
JO-16901,Jas,O'Carroll,Corporate,Essen,North RhineWestphalia,Germany,Central,25,,,,,,,,,
JG-17500,Jason,Gross,Consumer,Sydney,New South Wales,Australia,Oceania,69,,,,,,,,,
JC-15796,Jenna,Caffey,Consumer,Kanpur,Uttar Pradesh,India,Central Asia,76,,,,,,,,,
JJ-15878,Jennifer,Jackson,Home Office,Queanbeyan,New South Wales,Australia,Oceania,78,,,,,,,,,
JH-14971,Jennifer,Halladay,Consumer,Krefeld,North RhineWestphalia,Germany,Central,55,,,,,,,,,
JH-14953,Jennifer,Halladay,Home Office,Bielefeld,North RhineWestphalia,Germany,Central,45,,,,,,,,,
JE-16485,Jeremy,Ellison,Corporate,Faridabad,Haryana,India,Central Asia,57,,,,,,,,,
JE-16318,Jeremy,Ellison,Corporate,Jammu,Jammu and Kashmir,India,Central Asia,48,,,,,,,,,
JM-17034,Jessica,Myrick,Consumer,Krefeld,North RhineWestphalia,Germany,Central,44,,,,,,,,,
JM-17073,Jessica,Myrick,Corporate,Jakarta,Jakarta,Indonesia,Southeast Asia,50,,,,,,,,,
JO-17549,Jesus,Ocampo,Home Office,Herten,North RhineWestphalia,Germany,Central,70,,,,,,,,,
JF-17155,Jill,Fjeld,Consumer,Wollongong,New South Wales,Australia,Oceania,54,,,,,,,,,
JS-15900,Jill,Stevenson,Consumer,Bengbu,Anhui,China,North Asia,71,,,,,,,,,
JE-17220,Jim,Epp,Corporate,Qingdao,Shandong,China,North Asia,32,,,,,,,,,
JK-17834,Jim,Karlsson,Consumer,Geelong,Victoria,Australia,Oceania,45,,,,,,,,,
JE-17272,Jim,Epp,Consumer,Jingmen,Hubei,China,North Asia,68,,,,,,,,,
JE-15587,Joel,Eaton,Corporate,Nuremberg,Bavaria,Germany,Central,78,,,,,,,,,
JL-16268,John,Lucas,Corporate,Beijing,Beijing,China,North Asia,66,,,,,,,,,
JG-15486,John,Grady,Home Office,Mianyang,Sichuan,China,North Asia,26,,,,,,,,,
JH-15315,John,Huston,Corporate,Jena,Thuringia,Germany,Central,80,,,,,,,,,
JC-15733,John,Castell,Home Office,Jakarta,Jakarta,Indonesia,Southeast Asia,47,,,,,,,,,
JG-15181,John,Grady,Corporate,Queanbeyan,New South Wales,Australia,Oceania,60,,,,,,,,,
JH-17795,Jonathan,Howell,Consumer,Guangshui,Hubei,China,North Asia,59,,,,,,,,,
JB-14934,Joy,Bell,Corporate,Tongchuan,Shaanxi,China,North Asia,42,,,,,,,,,
JB-14913,Joy,Bell,Corporate,Vijayawada,Andhra Pradesh,India,Central Asia,66,,,,,,,,,
JD-16405,Joy,Daniels,Consumer,Cairns,Queensland,Australia,Oceania,49,,,,,,,,,
JB-15460,Julia,Barnett,Home Office,Zhuhai,Guangdong,China,North Asia,71,,,,,,,,,
JD-17838,Julia,Dunbar,Home Office,Melbourne,Victoria,Australia,Oceania,27,,,,,,,,,
JD-15407,Julia,Dunbar,Corporate,Cologne,North RhineWestphalia,Germany,Central,75,,,,,,,,,
JP-15246,Julie,Prescott,Consumer,Norderstedt,SchleswigHolstein,Germany,Central,63,,,,,,,,,
JC-18019,Julie,Creighton,Consumer,Ballarat,Victoria,Australia,Oceania,70,,,,,,,,,
JC-18043,Julie,Creighton,Consumer,Bandung,Jawa Barat,Indonesia,Southeast Asia,53,,,,,,,,,
JD-15116,Justin,Deggeller,Consumer,Gawler,South Australia,Australia,Oceania,71,,,,,,,,,
JH-15313,Justin,Hirsh,Home Office,Surakarta,Jawa Tengah,Indonesia,Southeast Asia,64,,,,,,,,,
JH-15476,Justin,Hirsh,Home Office,Shangzhi,Heilongjiang,China,North Asia,45,,,,,,,,,
KD-18969,Karen,Daniels,Corporate,Jiutai,Jilin,China,North Asia,35,,,,,,,,,
KM-18537,Katherine,Murray,Consumer,Sydney,New South Wales,Australia,Oceania,69,,,,,,,,,
KB-19252,Katrina,Bavinger,Consumer,Melbourne,Victoria,Australia,Oceania,50,,,,,,,,,
KT-19180,Kean,Thornton,Consumer,Melbourne,Victoria,Australia,Oceania,73,,,,,,,,,
KT-19489,Kean,Takahito,Home Office,Jakarta,Jakarta,Indonesia,Southeast Asia,38,,,,,,,,,
KT-19190,Kean,Thornton,Corporate,Brisbane,Queensland,Australia,Oceania,44,,,,,,,,,
KH-18529,Keith,Herrera,Consumer,Jakarta,Jakarta,Indonesia,Southeast Asia,60,,,,,,,,,
KC-18813,Kelly,Collister,Corporate,Sydney,New South Wales,Australia,Oceania,27,,,,,,,,,
KW-18380,Kelly,Williams,Consumer,Palu,Sulawesi Tengah,Indonesia,Southeast Asia,55,,,,,,,,,
KW-18423,Kelly,Williams,Corporate,Sydney,New South Wales,Australia,Oceania,73,,,,,,,,,
KC-18740,Kelly,Collister,Corporate,Tangshan,Hebei,China,North Asia,70,,,,,,,,,
KH-18233,Ken,Heidel,Consumer,Tegal,Jawa Tengah,Indonesia,Southeast Asia,60,,,,,,,,,
KH-18965,Kristen,Hastings,Corporate,Shihezi,Xinjiang Uygur,China,North Asia,43,,,,,,,,,
KN-18448,Kristina,Nunn,Corporate,Jakarta,Jakarta,Indonesia,Southeast Asia,47,,,,,,,,,
KN-19093,Kristina,Nunn,Consumer,Sydney,New South Wales,Australia,Oceania,45,,,,,,,,,
KM-18821,Kunst,Miller,Home Office,Jakarta,Jakarta,Indonesia,Southeast Asia,45,,,,,,,,,
LB-19151,Larry,Blacks,Consumer,Shangyu,Zhejiang,China,North Asia,47,,,,,,,,,
LA-20261,Laura,Armstrong,Consumer,Torquay,Queensland,Australia,Oceania,80,,,,,,,,,
LE-19518,Laurel,Elliston,Consumer,Herten,North RhineWestphalia,Germany,Central,49,,,,,,,,,
LW-19571,Laurel,Workman,Consumer,Dongguan,Guangdong,China,North Asia,71,,,,,,,,,
LB-20757,Laurel,Beltran,Corporate,Melbourne,Victoria,Australia,Oceania,43,,,,,,,,,
LB-20738,Laurel,Beltran,Consumer,Bonn,North RhineWestphalia,Germany,Central,38,,,,,,,,,
LE-19530,Laurel,Elliston,Corporate,Tasikmalaya,Jawa Barat,Indonesia,Southeast Asia,33,,,,,,,,,
LB-20761,Laurel,Beltran,Consumer,Wuppertal,North RhineWestphalia,Germany,Central,51,,,,,,,,,
LW-19650,Laurel,Workman,Corporate,Leipzig,Saxony,Germany,Central,64,,,,,,,,,
LS-20488,Linda,Southworth,Consumer,Brisbane,Queensland,Australia,Oceania,26,,,,,,,,,
LC-20500,Lindsay,Castell,Corporate,Depok,Yogyakarta,Indonesia,Southeast Asia,36,,,,,,,,,
LW-19863,Lindsay,Williams,Corporate,Akola,Maharashtra,India,Central Asia,69,,,,,,,,,
LS-20561,Lindsay,Shagiari,Corporate,Canberra,Australian Capital Territory,Australia,Oceania,74,,,,,,,,,
LR-19952,Lisa,Ryan,Corporate,Berlin,Berlin,Germany,Central,60,,,,,,,,,
LR-19904,Lisa,Ryan,Home Office,Townsville,Queensland,Australia,Oceania,67,,,,,,,,,
LD-20572,Lisa,DeCherney,Home Office,Ningbo,Zhejiang,China,North Asia,70,,,,,,,,,
LD-20693,Lisa,DeCherney,Home Office,Sydney,New South Wales,Australia,Oceania,80,,,,,,,,,
LP-19852,Liz,Pelletier,Consumer,Zigong,Sichuan,China,North Asia,61,,,,,,,,,
LC-20154,Liz,Carlisle,Corporate,Luoyang,Fujian,China,North Asia,57,,,,,,,,,
LH-20905,Logan,Haushalter,Consumer,Canberra,Australian Capital Territory,Australia,Oceania,31,,,,,,,,,
LC-20775,Logan,Currie,Home Office,Gold Coast,Queensland,Australia,Oceania,30,,,,,,,,,
LC-20770,Logan,Currie,Corporate,Amravati,Maharashtra,India,Central Asia,77,,,,,,,,,
LC-20927,Logan,Currie,Consumer,Anshan,Liaoning,China,North Asia,52,,,,,,,,,
LS-20633,Lynn,Smith,Consumer,Kanpur,Uttar Pradesh,India,Central Asia,67,,,,,,,,,
LS-20567,Lynn,Smith,Corporate,Guiping,Guangxi,China,North Asia,36,,,,,,,,,
MM-20631,Magdelene,Morse,Home Office,Berlin,Berlin,Germany,Central,38,,,,,,,,,
MH-22847,Marc,Harrigan,Corporate,Bogor,Jawa Barat,Indonesia,Southeast Asia,36,,,,,,,,,
MD-21672,Maribeth,Dona,Corporate,Adelaide,South Australia,Australia,Oceania,36,,,,,,,,,
ML-21615,Marina,Lichtenstein,Home Office,Denpasar,Bali,Indonesia,Southeast Asia,62,,,,,,,,,
MP-22339,Mark,Packer,Consumer,Perth,Western Australia,Australia,Oceania,41,,,,,,,,,
MC-22730,Mark,Cousins,Consumer,Karimnagar,Telangana,India,Central Asia,74,,,,,,,,,
MS-22999,MaryBeth,Skach,Corporate,Licheng,Guangdong,China,North Asia,37,,,,,,,,,
MC-21069,Matt,Collins,Corporate,Mumbai,Maharashtra,India,Central Asia,75,,,,,,,,,
MG-21512,Maureen,Gastineau,Corporate,Melton,Victoria,Australia,Oceania,67,,,,,,,,,
MF-21505,Maureen,Fritzler,Consumer,BadenBaden,BadenWŸrttemberg,Germany,Central,30,,,,,,,,,
ML-21674,Max,Ludwig,Home Office,Cirebon,Jawa Barat,Indonesia,Southeast Asia,51,,,,,,,,,
ML-21690,Max,Ludwig,Consumer,Newcastle,New South Wales,Australia,Oceania,77,,,,,,,,,
MJ-23484,Max,Jones,Home Office,Yuncheng,Shanxi,China,North Asia,64,,,,,,,,,
MT-22444,Meg,Tillman,Consumer,Melbourne,Victoria,Australia,Oceania,28,,,,,,,,,
MT-22239,Meg,Tillman,Corporate,Bangalore,Karnataka,India,Central Asia,34,,,,,,,,,
MS-23033,Melanie,Seite,Corporate,Xining,Qinghai,China,North Asia,51,,,,,,,,,
MG-21584,Michael,Granlund,Home Office,Sydney,New South Wales,Australia,Oceania,53,,,,,,,,,
MM-21960,Michael,Moore,Consumer,Geelong,Victoria,Australia,Oceania,42,,,,,,,,,
MN-22923,Michael,Nguyen,Consumer,Berlin,Berlin,Germany,Central,80,,,,,,,,,
MC-23531,Michael,Chen,Consumer,Jakarta,Jakarta,Indonesia,Southeast Asia,50,,,,,,,,,
MM-22019,Michael,Moore,Consumer,Melbourne,Victoria,Australia,Oceania,66,,,,,,,,,
MM-21898,Michael,Moore,Consumer,Medan,Sumatera Utara,Indonesia,Southeast Asia,62,,,,,,,,,
MM-21983,Michael,Moore,Corporate,Vadodara,Gujarat,India,Central Asia,52,,,,,,,,,
MT-22763,Michelle,Tran,Home Office,Mount Gambier,South Australia,Australia,Oceania,37,,,,,,,,,
MA-23035,Michelle,Arnett,Consumer,Palembang,Sumatera Selatan,Indonesia,Southeast Asia,70,,,,,,,,,
MA-23071,Michelle,Arnett,Corporate,Yancheng,Jiangsu,China,North Asia,79,,,,,,,,,
MB-22814,Mick,Brown,Corporate,Shenzhen,Guangdong,China,North Asia,76,,,,,,,,,
MC-23572,Mick,Crebagga,Consumer,Banjarmasin,Kalimantan Selatan,Indonesia,Southeast Asia,28,,,,,,,,,
MB-22896,Mick,Brown,Home Office,Frankfurt,Hesse,Germany,Central,63,,,,,,,,,
MV-22535,Mike,Vittorini,Consumer,Naihati,West Bengal,India,Central Asia,67,,,,,,,,,
MP-22046,Mike,Pelletier,Consumer,Gorakhpur,Haryana,India,Central Asia,34,,,,,,,,,
MG-22281,Mike,Gockenbach,Corporate,Caloundra,Queensland,Australia,Oceania,48,,,,,,,,,
MP-21481,Mike,Pelletier,Home Office,Jakarta,Jakarta,Indonesia,Southeast Asia,75,,,,,,,,,
MW-23661,Mitch,Willingham,Consumer,Berlin,Berlin,Germany,Central,52,,,,,,,,,
MW-21877,Mitch,Willingham,Corporate,Surakarta,Jawa Tengah,Indonesia,Southeast Asia,25,,,,,,,,,
MF-23700,Monica,Federle,Corporate,Lismore,New South Wales,Australia,Oceania,38,,,,,,,,,
ML-21811,Muhammed,Lee,Consumer,Nellore,Andhra Pradesh,India,Central Asia,42,,,,,,,,,
MM-21806,Muhammed,MacIntyre,Consumer,Lohne,Lower Saxony,Germany,Central,62,,,,,,,,,
NL-22786,Nancy,Lomonaco,Consumer,Tengzhou,Shandong,China,North Asia,51,,,,,,,,,
NC-24570,Nat,Carroll,Consumer,Shanghai,Shanghai,China,North Asia,75,,,,,,,,,
ND-24028,Natalie,DeCherney,Consumer,Anqing,Anhui,China,North Asia,69,,,,,,,,,
NW-24170,Natalie,Webber,Corporate,Ningbo,Zhejiang,China,North Asia,78,,,,,,,,,
NG-25020,Nathan,Gelder,Corporate,Depok,Jawa Barat,Indonesia,Southeast Asia,67,,,,,,,,,
NF-24663,Neil,Franzšsisch,Corporate,Mount Isa,Queensland,Australia,Oceania,45,,,,,,,,,
NK-24224,Neil,Knudson,Home Office,Malang,Jawa Timur,Indonesia,Southeast Asia,61,,,,,,,,,
NM-24533,Neoma,Murray,Home Office,Guwahati,Assam,India,Central Asia,74,,,,,,,,,
NR-24159,Nick,Radford,Home Office,Lucknow,Uttar Pradesh,India,Central Asia,39,,,,,,,,,
NZ-23984,Nick,Zandusky,Consumer,Surabaya,Jawa Timur,Indonesia,Southeast Asia,27,,,,,,,,,
NF-25059,Nicole,Fjeld,Consumer,Berlin,Berlin,Germany,Central,38,,,,,,,,,
OT-24743,Olvera,Toch,Corporate,Neubrandenburg,MecklenburgVorpommern,Germany,Central,66,,,,,,,,,
OT-24789,Olvera,Toch,Consumer,Wollongong,New South Wales,Australia,Oceania,31,,,,,,,,,
PS-25401,Pamela,Stobb,Consumer,Berlin,Berlin,Germany,Central,31,,,,,,,,,
PC-25116,Pamela,Coakley,Consumer,Jakarta,Jakarta,Indonesia,Southeast Asia,70,,,,,,,,,
PS-25158,Pamela,Stobb,Consumer,Bremen,Bremen,Germany,Central,58,,,,,,,,,
PN-25437,Parhena,Norris,Consumer,Bandung,Jawa Barat,Indonesia,Southeast Asia,63,,,,,,,,,
PH-26409,Patricia,Hirasaki,Consumer,Pimpri,Maharashtra,India,Central Asia,50,,,,,,,,,
PO-25842,Patrick,O'Donnell,Consumer,Sydney,New South Wales,Australia,Oceania,41,,,,,,,,,
PB-26445,Patrick,Bzostek,Corporate,Brisbane,Queensland,Australia,Oceania,80,,,,,,,,,
PB-26098,Patrick,Bzostek,Consumer,Krefeld,North RhineWestphalia,Germany,Central,25,,,,,,,,,
PG-26274,Paul,Gonzalez,Corporate,Durgapur,Maharashtra,India,Central Asia,65,,,,,,,,,
PK-26161,Paul,Knutson,Home Office,Gold Coast,Queensland,Australia,Oceania,73,,,,,,,,,
PS-26004,Paul,Stevenson,Consumer,Kwinana,Western Australia,Australia,Oceania,66,,,,,,,,,
PC-26400,Pauline,Chand,Consumer,Perth,Western Australia,Australia,Oceania,70,,,,,,,,,
PB-25912,Peter,BŸhler,Consumer,Dresden,Saxony,Germany,Central,46,,,,,,,,,
PM-25362,Peter,McVee,Corporate,Hamburg,Hamburg,Germany,Central,67,,,,,,,,,
PB-25931,Peter,BŸhler,Consumer,Wolfsburg,Lower Saxony,Germany,Central,45,,,,,,,,,
PF-26023,Philip,Fox,Consumer,Mount Isa,Queensland,Australia,Oceania,36,,,,,,,,,
PB-25628,Philip,Brown,Corporate,Binjai,Sumatera Utara,Indonesia,Southeast Asia,46,,,,,,,,,
PF-26039,Philip,Fox,Consumer,Remscheid,North RhineWestphalia,Germany,Central,64,,,,,,,,,
PO-25520,Philisse,Overcash,Home Office,Devonport,Tasmania,Australia,Oceania,32,,,,,,,,,
PO-25394,Philisse,Overcash,Corporate,Potsdam,Brandenburg,Germany,Central,39,,,,,,,,,
QJ-25506,Quincy,Jones,Consumer,Gold Coast,Queensland,Australia,Oceania,43,,,,,,,,,
RP-26639,Rachel,Payne,Corporate,Caloundra,Queensland,Australia,Oceania,80,,,,,,,,,
RP-26606,Rachel,Payne,Consumer,Mianyang,Sichuan,China,North Asia,47,,,,,,,,,
RP-26628,Rachel,Payne,Home Office,Nagercoil,Tamil Nadu,India,Central Asia,77,,,,,,,,,
RP-26635,Rachel,Payne,Corporate,Fuzhou,Fujian,China,North Asia,47,,,,,,,,,
RP-26618,Rachel,Payne,Consumer,Raipur,Uttarakhand,India,Central Asia,66,,,,,,,,,
RK-34441,Ralph,Kennedy,Corporate,Perth,Western Australia,Australia,Oceania,61,,,,,,,,,
RA-26616,Ralph,Arnett,Corporate,Jhansi,Uttar Pradesh,India,Central Asia,48,,,,,,,,,
RA-26695,Ralph,Arnett,Consumer,Shenyang,Liaoning,China,North Asia,64,,,,,,,,,
RA-26700,Ralph,Arnett,Consumer,Suzhou,Gansu,China,North Asia,69,,,,,,,,,
RA-26716,Ralph,Arnett,Home Office,Wolfsburg,Lower Saxony,Germany,Central,62,,,,,,,,,
RK-28259,Ralph,Kennedy,Corporate,Bundaberg,Queensland,Australia,Oceania,31,,,,,,,,,
RF-28440,Randy,Ferguson,Consumer,Adelaide,South Australia,Australia,Oceania,37,,,,,,,,,
RB-28045,Randy,Bradley,Corporate,Wollongong,New South Wales,Australia,Oceania,29,,,,,,,,,
RP-27070,Resi,Pšlking,Home Office,Gelsenkirchen,North RhineWestphalia,Germany,Central,32,,,,,,,,,
RR-27936,Rick,Reed,Consumer,Lucknow,Uttar Pradesh,India,Central Asia,75,,,,,,,,,
RD-27712,Rick,Duston,Corporate,Bhiwandi,Maharashtra,India,Central Asia,40,,,,,,,,,
RD-27720,Rick,Duston,Consumer,Surakarta,Jawa Tengah,Indonesia,Southeast Asia,72,,,,,,,,,
RH-28410,Ritsa,Hightower,Corporate,Hamburg,Hamburg,Germany,Central,44,,,,,,,,,
RH-28415,Ritsa,Hightower,Corporate,Datong,Anhui,China,North Asia,75,,,,,,,,,
RW-27875,Rob,Williams,Consumer,Wodonga,Victoria,Australia,Oceania,34,,,,,,,,,
RH-26936,Rob,Haberlin,Consumer,Harbin,Heilongjiang,China,North Asia,69,,,,,,,,,
RD-28606,Robert,Dilbeck,Consumer,Sydney,New South Wales,Australia,Oceania,63,,,,,,,,,
RD-28678,Robert,Dilbeck,Corporate,Bihar Sharif,Bihar,India,Central Asia,25,,,,,,,,,
RD-28612,Robert,Dilbeck,Consumer,Melton,Victoria,Australia,Oceania,47,,,,,,,,,
RW-27590,Robert,Waldorf,Consumer,Emden,Lower Saxony,Germany,Central,36,,,,,,,,,
RD-28701,Roger,Demir,Consumer,Wollongong,New South Wales,Australia,Oceania,72,,,,,,,,,
RB-28193,Roger,Barcio,Consumer,Bremen,Bremen,Germany,Central,55,,,,,,,,,
RB-28144,Roger,Barcio,Corporate,Celle,Lower Saxony,Germany,Central,72,,,,,,,,,
RF-27101,Roland,Fjeld,Home Office,Caloundra,Queensland,Australia,Oceania,71,,,,,,,,,
RM-27497,Roland,Murray,Consumer,Frankfurt,Hesse,Germany,Central,52,,,,,,,,,
RS-27760,Roy,Skaria,Home Office,Bogor,Jawa Barat,Indonesia,Southeast Asia,27,,,,,,,,,
RP-27310,Roy,Phan,Corporate,Melbourne,Victoria,Australia,Oceania,75,,,,,,,,,
RA-28358,Ruben,Ausman,Consumer,Sonneberg,Thuringia,Germany,Central,77,,,,,,,,,
RA-26825,Russell,Applegate,Consumer,Gorakhpur,Haryana,India,Central Asia,78,,,,,,,,,
RC-27506,Ryan,Crowe,Corporate,Kanpur,Uttar Pradesh,India,Central Asia,69,,,,,,,,,
RA-26900,Ryan,Akin,Home Office,Bayreuth,Bavaria,Germany,Central,38,,,,,,,,,
SH-26872,Sally,Hughsby,Home Office,Depok,Yogyakarta,Indonesia,Southeast Asia,38,,,,,,,,,
SK-27275,Sally,Knutson,Consumer,CastropRauxel,North RhineWestphalia,Germany,Central,77,,,,,,,,,
SC-30138,Sam,Craven,Consumer,Hyderabad,Telangana,India,Central Asia,38,,,,,,,,,
SZ-30207,Sam,Zeldin,Consumer,Yanji,Jilin,China,North Asia,44,,,,,,,,,
SJ-29430,Sanjit,Jacobs,Corporate,Munich,Bavaria,Germany,Central,48,,,,,,,,,
SC-29653,Sanjit,Chand,Corporate,Thiruvananthapuram,Kerala,India,Central Asia,45,,,,,,,,,
SL-30001,Sara,Luxemburg,Home Office,Luoyang,Fujian,China,North Asia,77,,,,,,,,,
SF-28769,Sarah,Foster,Corporate,Xianning,Hubei,China,North Asia,33,,,,,,,,,
SB-30904,Sarah,Bern,Consumer,Wollongong,New South Wales,Australia,Oceania,36,,,,,,,,,
SF-28821,Sarah,Foster,Corporate,Harbin,Heilongjiang,China,North Asia,59,,,,,,,,,
SC-29414,Scott,Cohen,Home Office,Freiburg,BadenWŸrttemberg,Germany,Central,37,,,,,,,,,
SW-31327,Scott,Williamson,Corporate,Launceston,Tasmania,Australia,Oceania,51,,,,,,,,,
SC-31353,Shahid,Collister,Corporate,Leipzig,Saxony,Germany,Central,65,,,,,,,,,
SC-31435,Shahid,Collister,Consumer,Solapur,Maharashtra,India,Central Asia,30,,,,,,,,,
SW-30799,Shaun,Weien,Consumer,Medan,Sumatera Utara,Indonesia,Southeast Asia,56,,,,,,,,,
SG-31465,Sheri,Gordon,Corporate,Bogor,Jawa Barat,Indonesia,Southeast Asia,27,,,,,,,,,
SJ-29777,Shirley,Jackson,Consumer,Gold Coast,Queensland,Australia,Oceania,35,,,,,,,,,
SS-29499,Shirley,Schmidt,Consumer,Bijapur,Karnataka,India,Central Asia,60,,,,,,,,,
ST-30102,Shui,Tom,Consumer,Jakarta,Jakarta,Indonesia,Southeast Asia,66,,,,,,,,,
ST-29997,Shui,Tom,Consumer,Melbourne,Victoria,Australia,Oceania,32,,,,,,,,,
SS-29025,Sonia,Sunley,Home Office,Canberra,Australian Capital Territory,Australia,Oceania,65,,,,,,,,,
SP-30873,Stefania,Perrino,Corporate,Albury,New South Wales,Australia,Oceania,74,,,,,,,,,
SH-29851,Stefanie,Holloman,Home Office,Durgapur,West Bengal,India,Central Asia,72,,,,,,,,,
SH-29727,Stefanie,Holloman,Consumer,Geraldton,Western Australia,Australia,Oceania,63,,,,,,,,,
SC-30699,Steve,Carroll,Corporate,Qingdao,Shandong,China,North Asia,33,,,,,,,,,
SN-28948,Steve,Nguyen,Consumer,Delhi,Delhi,India,Central Asia,51,,,,,,,,,
SC-28960,Steven,Cartwright,Consumer,Newcastle,New South Wales,Australia,Oceania,26,,,,,,,,,
SW-30727,Steven,Ward,Corporate,Adelaide,South Australia,Australia,Oceania,73,,,,,,,,,
SC-30437,Steven,Cartwright,Corporate,Newcastle,New South Wales,Australia,Oceania,55,,,,,,,,,
SR-30399,Steven,Roelle,Consumer,Bonn,North RhineWestphalia,Germany,Central,43,,,,,,,,,
SV-31523,Stewart,Visinsky,Corporate,Shenyang,Liaoning,China,North Asia,38,,,,,,,,,
SC-29283,Stuart,Calhoun,Corporate,Pforzheim,BadenWŸrttemberg,Germany,Central,73,,,,,,,,,
SC-29198,Stuart,Calhoun,Corporate,Raipur,Uttarakhand,India,Central Asia,32,,,,,,,,,
SC-29168,Stuart,Calhoun,Consumer,Bochum,North RhineWestphalia,Germany,Central,47,,,,,,,,,
SV-31283,Stuart,Van,Home Office,Hobart,Tasmania,Australia,Oceania,71,,,,,,,,,
SC-28936,Stuart,Calhoun,Consumer,Nowra,New South Wales,Australia,Oceania,49,,,,,,,,,
SS-29460,Sung,Shariari,Consumer,Solapur,Maharashtra,India,Central Asia,52,,,,,,,,,
SP-28736,Sung,Pak,Consumer,Chaozhou,Guangdong,China,North Asia,41,,,,,,,,,
SP-29772,Susan,Pistek,Consumer,Padang,Sumatera Barat,Indonesia,Southeast Asia,37,,,,,,,,,
SM-31030,Susan,MacKendrick,Corporate,Brisbane,Queensland,Australia,Oceania,60,,,,,,,,,
SF-31226,Sylvia,Foulston,Consumer,Ludwigsburg,BadenWŸrttemberg,Germany,Central,78,,,,,,,,,
TW-32331,Tamara,Willingham,Consumer,Perth,Western Australia,Australia,Oceania,73,,,,,,,,,
TW-32286,Tamara,Willingham,Corporate,Sindelfingen,BadenWŸrttemberg,Germany,Central,33,,,,,,,,,
TC-30191,Tamara,Chand,Corporate,Canberra,Australian Capital Territory,Australia,Oceania,64,,,,,,,,,
TC-29670,Tamara,Chand,Corporate,Yogyakarta,Yogyakarta,Indonesia,Southeast Asia,68,,,,,,,,,
TT-32737,Ted,Trevino,Home Office,Bendigo,Victoria,Australia,Oceania,57,,,,,,,,,
TT-32762,Ted,Trevino,Consumer,Gold Coast,Queensland,Australia,Oceania,72,,,,,,,,,
TS-31899,Thais,Sissman,Corporate,Essen,North RhineWestphalia,Germany,Central,63,,,,,,,,,
TH-33536,Thea,Hendricks,Home Office,Jining,Shandong,China,North Asia,34,,,,,,,,,
TH-33407,Thea,Hendricks,Home Office,Moers,North RhineWestphalia,Germany,Central,39,,,,,,,,,
TH-32505,Thea,Hudgings,Consumer,Anshan,Liaoning,China,North Asia,50,,,,,,,,,
TB-33124,Thomas,Boland,Consumer,Surabaya,Jawa Timur,Indonesia,Southeast Asia,68,,,,,,,,,
TB-33357,Thomas,Brumley,Consumer,Launceston,Tasmania,Australia,Oceania,27,,,,,,,,,
TB-32063,Thomas,Boland,Consumer,Newcastle,New South Wales,Australia,Oceania,71,,,,,,,,,
TS-31983,Thomas,Seio,Consumer,Melbourne,Victoria,Australia,Oceania,51,,,,,,,,,
TB-33331,Thomas,Brumley,Corporate,Jinan,Shandong,China,North Asia,68,,,,,,,,,
TB-33412,Tim,Brockman,Home Office,Toowoomba,Queensland,Australia,Oceania,48,,,,,,,,,
TC-33422,Toby,Carlisle,Corporate,Depok,Yogyakarta,Indonesia,Southeast Asia,57,,,,,,,,,
TS-32336,Toby,Swindell,Corporate,Ninghai,Shandong,China,North Asia,79,,,,,,,,,
TG-31680,Toby,Gnade,Corporate,Wagga Wagga,New South Wales,Australia,Oceania,50,,,,,,,,,
TG-31880,Toby,Gnade,Corporate,Bhopal,Madhya Pradesh,India,Central Asia,54,,,,,,,,,
TB-33394,Toby,Braunhardt,Consumer,Perth,Western Australia,Australia,Oceania,76,,,,,,,,,
TB-32055,Toby,Braunhardt,Corporate,Jiangyan,Jiangsu,China,North Asia,49,,,,,,,,,
TS-32984,Todd,Sumrall,Consumer,Yangzhou,Jiangsu,China,North Asia,37,,,,,,,,,
TZ-33057,Tom,Zandusky,Consumer,Hobart,Tasmania,Australia,Oceania,63,,,,,,,,,
TS-31691,Tom,Stivers,Consumer,Thane,Maharashtra,India,Central Asia,67,,,,,,,,,
TP-31586,Tom,Prescott,Corporate,Bokaro,Jharkhand,India,Central Asia,49,,,,,,,,,
TB-33172,Tom,Boeckenhauer,Corporate,Neunkirchen,Saarland,Germany,Central,45,,,,,,,,,
TS-31730,Tom,Stivers,Corporate,Guangzhou,Guangdong,China,North Asia,64,,,,,,,,,
TS-32101,Tony,Sayre,Consumer,Bharatpur,Rajasthan,India,Central Asia,43,,,,,,,,,
TS-32274,Tony,Sayre,Home Office,Wafangdian,Liaoning,China,North Asia,63,,,,,,,,,
TS-32660,Tony,Sayre,Consumer,Jakarta,Jakarta,Indonesia,Southeast Asia,67,,,,,,,,,
TB-32685,Tracy,Blumstein,Consumer,Guangzhou,Guangdong,China,North Asia,60,,,,,,,,,
TB-32887,Troy,Blackwell,Consumer,Akola,Maharashtra,India,Central Asia,72,,,,,,,,,
TS-32836,Troy,Staebel,Consumer,Depok,Yogyakarta,Indonesia,Southeast Asia,62,,,,,,,,,
TB-32774,Troy,Blackwell,Home Office,Krefeld,North RhineWestphalia,Germany,Central,40,,,,,,,,,
TS-33627,Troy,Staebel,Home Office,Canberra,Australian Capital Territory,Australia,Oceania,45,,,,,,,,,
TG-33059,Trudy,Glocke,Consumer,Huaiyin,Jiangsu,China,North Asia,67,,,,,,,,,
TG-33131,Trudy,Glocke,Consumer,Brisbane,Queensland,Australia,Oceania,47,,,,,,,,,
VM-32971,Valerie,Mitchum,Consumer,Chengdu,Sichuan,China,North Asia,62,,,,,,,,,
VT-33760,Valerie,Takahito,Consumer,Surat,Gujarat,India,Central Asia,77,,,,,,,,,
VP-33803,Victor,Preis,Home Office,Melbourne,Victoria,Australia,Oceania,55,,,,,,,,,
VB-33840,Victoria,Brennan,Corporate,Adelaide,South Australia,Australia,Oceania,28,,,,,,,,,
VB-33820,Victoria,Brennan,Home Office,Canberra,Australian Capital Territory,Australia,Oceania,55,,,,,,,,,
VW-33751,Victoria,Wilson,Home Office,Berlin,Berlin,Germany,Central,54,,,,,,,,,
VP-34020,Victoria,Pisteka,Corporate,Bokaro,Jharkhand,India,Central Asia,76,,,,,,,,,
VB-33807,Victoria,Brennan,Consumer,Mangalore,Karnataka,India,Central Asia,69,,,,,,,,,
VS-33875,Vivek,Sundaresam,Consumer,Hamburg,Hamburg,Germany,Central,67,,,,,,,,,
VG-33892,Vivek,Grady,Corporate,Shantou,Guangdong,China,North Asia,64,,,,,,,,,
VG-34077,Vivek,Gonzalez,Consumer,Nanyang,Henan,China,North Asia,30,,,,,,,,,
WB-34143,William,Brown,Consumer,Denpasar,Bali,Indonesia,Southeast Asia,42,,,,,,,,,
XP-33956,Xylona,Preis,Home Office,Qidong,Jiangsu,China,North Asia,72,,,,,,,,,
XP-33938,Xylona,Preis,Corporate,Suining,Sichuan,China,North Asia,77,,,,,,,,,
YS-34265,Yana,Sorensen,Home Office,Hangzhou,Zhejiang,China,North Asia,52,,,,,,,,,
YS-34261,Yana,Sorensen,Corporate,Bottrop,North RhineWestphalia,Germany,Central,70,,,,,,,,,
